Workbook
Name ReviewData: レビューデータサマリ!$F$15:$F$48
Name 原因区分: レビューデータサマリ!$D$33:$D$41
Name 実施フェーズ: レビューデータサマリ!$C$5:$C$12
Name 分類: 使用方法!$N$48:$N$52
Name 役割: 使用方法!$N$26:$N$35

Sheet 使用方法
Q1: 標準ID：DM-010 Ver8.4
B2: 使用方法
C4: 本書式は、プロジェクト計画書などのプロジェクト管理系の成果物や、要件定義書や外部設計書などのエンジニアリング系の成果物など
C5: あらゆる作業成果物のレビューに幅広く使用されることを想定している。
C7: ■ | D7: シート構成
D8: ・ | E8: レビュー実施記録 | M8: レビューの予定／実績の管理および、指摘事項の記録と対応状況を追跡する。
D9: ・ | E9: レビュー観点 | M9: 成果物作成時／レビュー時の観点（チェック項目の内容は、プロジェクトの特性に合わせて適宜修正する）。
M10: なお、本シートは参考利用の位置づけのものである。
D11: ・ | E11: レビューデータサマリ | M11: レビュー状況分析表にて収集、分析するためのデータ（記入項目は無し）。
C13: ■ | D13: レビュー実施記録の記入方法および注意点
D14: ※特に注意が必要な記入項目について、以下に説明する。
D15: 項目 | M15: 記入方法 | Q15: 注意点・補足情報
D16: 【基本情報】
D17: 横展開調査欄の使用有無 | M17: 横展開調査欄（Ｖ列移行）を使用するかをリストより選択する。 ・使用する ・使用しない | Q17: ・デフォルトでは「使用しない」が選択された状態としている。必要に応じ「使用する」に変更すること。 ・「使用する」を選択した場合は、レビュー実施記録のクローズ条件が、レビュー指摘/横展開調査全てが完了した場合に変更となる。
D18: 実施フェーズ | M18: リストから選択する。 ・提案 ・要件定義 ・外部設計 ・内部設計 ・プログラム開発 ・結合テスト（ITa） ・結合テスト（ITb） ・システムテスト | Q18: 結合テストをITa、ITbに分割していない場合は、結合テスト（ITa）を選択する。
D19: レビューID | M19: 各プロジェクトが、以下 「レビューID」採番ルールで定義した割り当て方法で、レビューを個別に識別できるIDを設定し、記入する。 ■「レビューID」採番ルール ・レビューを実施する際、レビュー1回ごとに、レビューを個別に識別できるIDを設定して管理する。 ・計画のどのレビューに該当するかを明確にするため、次のパターンに則って割り当てる。 「レビューID」は、レビュー実施記録のファイル名設定などに使用する。 【パターン】 ① - ② - ③ - ④ ∟①： フェーズ略称 ∟②： レビュー単位ごとの名称やID （例：対象機能ID、サブシステム名称） ∟③： レビュー方式 ∟④： レビュー回数 （2桁表記、"01"～"99"） （例） ED-共通-会議-02 （外部設計フェーズ、共通機能を対象とした会議レビューの2回目） | Q19: レビュー単位で、一意になるように決定する。
D20: レビュー方式 | M20: レビュー方法を、リストから選択する。 ・個人 … 各自机上で行うレビュー ・会議 … ミーティング形式のレビュー ・組織 … プロジェクト外（またはＧｒ外）のDCS社員が参加するレビュー ・顧客 … 顧客により成果物の妥当性を検証するレビュー | Q20: 詳細な定義は、「レビュープロセスガイドライン」を参照。
D21: アーキテクチャ | M21: レビュー対象となるプロジェクトのアーキテクチャを、リストから選択する。 ・ホスト ・C/S ・Web ・PROSRV ・基盤構築・更改 ・その他
D22: レビューの観点 | M22: レビューを実施する狙いは何か、何のためのレビューなのか（レビューの目的）を、記入する。 【標準的な観点】 ・設計の妥当性を検証する。 ・資料間の不整合がないか、確認する。 ・誤字脱字、形式不備を確認する。 ・仕様変更の取込漏れが無いかを確認する。 | Q22: レビューアは、レビューを実施する前に必要とされる観点が何かを一読すること。 また、フェーズ毎に観点を見直し、適切な観点でレビューが実施できるようにすること。
D23: 汎用カテゴリ | M23: 「レビュー状況分析表」による分析時に、レビューデータをカテゴリ分けするためのキー項目として、任意のキーワードを設定する。 | Q23: 例）サブシステム名、機能名、規模尺度など
D24: 役割 | M24: レビューに参加した担当者の役割を、リストから選択する。 役割を変更する場合は、以下表の項目を修正すること。
N25: 役割（リスト定義）
N26: レビューリーダー
N27: レビューア
N28: レビューア（有識者）
N29: レビューア（上位管理層）
N30: レビューア（関連業務有識者）
N31: PM
N32: 記録係
N33: 作業成果物作成者
N34: 欠陥管理者
D37: レビュー時間 | M37: 担当者毎にレビューを行った時間を記入する。 【記入単位】 ・分単位で記入する。 ・レビュー前の準備時間、検証時間、レビュー中の休憩時間は含めない。 例）ミーティング時間=1時間、参加者=3人のミーティング形式（会議、組織、顧客）で実施した場合、各担当者毎に「60分」を記録し、合計は3.0時間（時間換算）となる。 | Q37: レビュー効率を算出するために使用。 レビュー効率＝欠陥数÷レビュー時間
D38: レビュー時間密度 | M38: レビュー完了までの工数に占める、レビュー時間。「レビュー時間」と「作成工数」から自動算出する。 レビュー時間密度＝レビュー時間/（レビュー時間＋作成工数）
D39: 状態 | M39: レビューの管理状態を、レビュー指摘リストの記録内容から自動判定する。 ・CLOSE … 指摘無し、または、全ての指摘がクローズされており、レビュープロセスが終了している。 ・OPEN … クローズされていない指摘があり、レビュープロセスが終了していない。 | Q39: 指摘のクローズ条件は、「検証」項目を参照。
D40: 対象作業成果物 | M40: レビュー対象成果物名を記入する。 | Q40: レビュー指摘リストのファイル名は、ここで指定した対象作業成果物の一覧から選択することになる。 フォルダー内の複数のファイル名を取得する場合は、DOSコマンドを利用すると便利である。 例：コマンドプロンプト画面より「dir /b >a.txt」などを実行する。
D41: 作成工数 | M41: レビュー対象成果物の作成に要した工数を記入する。 既存成果物の修正部分のレビューの場合には、修正に要した工数のみを記入する。 【記入単位】 ・時間単位で記入する。 ・分は小数点第一位で表現する。 ・指摘対応時の工数（是正工数）は含めない。 | Q41: レビュー時間密度を算出するために使用。
D42: 【レビュー指摘リスト】
D43: 指摘 | M43: レビューで発見した指摘の内容を、レビューアが記入する。 | Q43: 【指摘属性の更新について】 ①指摘時に指摘者の判断で記入する。 ②対応検討時に見直して上書き修正する。
E44: 指摘分類 | M44: 指摘内容の分類をリストから選択する。分類名と選択肢は、「指摘分類（不備、改善、質問・確認）を初期値とする。プロジェクトに合わせて変更する場合は、以下の表を修正すること。 【例】 重要度（高・中・低）、緊急度（高・中・低）、優先度（高・中・低）
N45: 分類名
N46: 指摘分類
N47: 分類（リスト定義） | O47: 説明
N48: 不備 | O48: 誤りに対する指摘事項。
N49: 改善 | O49: 不備にはあたらないが、より良くするために対応が望まれる 指摘事項。
N50: 質問・確認 | O50: 不明点についての質問や確認事項。
E54: 原因区分 | M54: 指摘内容の原因区分を、リストから選択する（指摘分類が質問・確認の場合選択は任意）。 ・元資料不備 … [レビュー対象成果物]のベースである、前工程で作成された 元資料の記述内容に不備（欠陥）がある。 ・仕様取込不備 … 前工程で作成された「元資料」の不正確な取り込みにより、 不備がある記述内容。 例）外部設計フェーズにおける、要件自体の取込み漏れ、または、誤って 解釈した要件の取込み。 ・技術的不備 … 技術的に実現困難な記述内容。 ・あいまい表現 … 具体化/詳細化が必要な、あいまいさのある記述内容。 ・考慮不足 … 現工程/後工程に対する考慮漏れ・検討不足により、 不備がある記述内容。 ・不整合 … 関連資料/関連箇所の内容と照合した結果、整合性のない、 矛盾した記述内容。 ・ルール不順守 … 既定の規約や記述ルールに、則っていない記述内容。 ・誤字脱字・形式不備 … 誤字脱字、レイアウトやスタイル（罫線やフォントなど） に不備がある記述内容。 ・仕様改善提案 … 不備ではないが、まだ、改善検討の余地が残っている 記述内容。
D55: 対応 | M55: レビュー指摘に対する、対応の詳細を記入する。
E56: 対応状況 | M56: 指摘に対する対応状況を、リストから選択する。 ・対応済み … 修正・対応が完了した状態。 ・対応無し … 理由により修正・対応を必要としなくなった状態。 ・保留 … 対応保留、調整中、または他プロセス管理となった状態。 | Q56: "対応無し"を選択した場合、作成者は、「対応内容」欄に、指摘に対応しないと判断した理由と経緯を明記する。 "保留"を選択した場合、作成者は、「対応内容」欄に、対応を保留すると判断した理由と経緯、今後の対応方針を明記する。
E57: 関連ID | M57: 課題や変更となる指摘が発見された場合、「課題管理プロセス」「変更管理プロセス」に欠陥情報を提供する。登録した際に割り当てられたIDを、プロセス間の関連を明示するために記入する。
D58: 検証 | M58: レビューアがすべての指摘の対応結果を確認する（検証）。対応状況が"対応無し"や"保留"の場合も、その判断と対応が適切であるかを検証する。 対応結果が問題無いと判断した場合、「検証日」と「検証者」を記入し、指摘をクローズする。 【クローズの条件】 ①対応状況が「対応済み」の場合 ・「対応内容」欄に対応内容が記入されていること ・「対応内容」通りの対応が行われていること ②対応状況が「対応無し」の場合 ・「対応内容」欄に理由が記入されていること ③対応状況が「保留」の場合 ・当該指摘の今後の対応方針や管理方法が明確になっていること ・「関連ID」欄が記入されていること 例） ・課題一覧に起票（「関連ID」欄に課題IDを記入） ・WBSにタスクを追加（「関連ID」欄に「-」を記入） 対応に問題があった場合、再指摘として指摘を追記し、作成者に返却する。 【再指摘時の対応方法】 ・レビューアは、再指摘内容を「指摘内容」欄に追記する。 内容には再指摘日と指摘者名を加え、文字色を変えることを推奨する。 ・作成者は、再指摘に対する対応結果を、上記と同様の形式で対になるよう「対応内容」欄に追記する。 | Q58: 【クローズ（灰色塗りつぶし適用）の条件】 ①対応状況が「対応済み」「対応無し」の場合 ・「対応内容」欄が記入されていること ・「検証日」欄、「検証者」欄が記入されていること ②対応状況が「保留」の場合 ・「対応内容」欄が記入されていること ・「関連ID」欄が記入されていること ・「検証日」欄、「検証者」欄が記入されていること 全ての指摘がクローズした時点で、レビューを終了（クローズ）と判断する。 顧客レビューの場合、レビューア（プロジェクトメンバー）は欠陥の是正を確認し、「レビュー指摘リスト（検証）」を記入する。検証合格の場合、顧客へレビューを依頼する。 顧客は欠陥の是正を確認し、「レビュー指摘リスト（顧客検証欄）」を記入する。
D59: 顧客検証欄 | M59: 顧客が指摘の対応結果を確認する（検証）。 本項目は顧客のみが使用するため、非表示（印刷範囲外）に設定されている。 | Q59: ・顧客検証を依頼前に、プロジェクト内部で検証を完了しておくこと。 ・「顧客検証日」欄、「顧客検証者」欄がともに記入されると、「顧客検証」欄がクローズとなる（灰色塗りつぶしが適用される）。
D60: 【横展開調査】 ※本項目は任意使用欄のため、印刷範囲外に設定されている。必要に応じ印刷範囲を変更して使用すること。
D61: 状態（横展開） | M61: 横展開調査の管理状態を、横展開調査の記録内容から自動判定する。 ・CLOSE … 全ての横展開調査がクローズされている。 ・OPEN … クローズされていない横展開調査がある。
D62: 調査要否 | M62: リストから選択する。 ・要 … 横展開調査が必要 ・否 … 横展開調査が不要 | Q62: ・レビュー指摘に起因した横展開調査が必要か検討して入力する。 同じ不備が他でも想定される、不備の要因から他への影響が懸念される等の場合は、”調査「要」”を選択すること。 ・調査”否”とした場合は、「理由」欄の入力必須。 ・調査”要”とした場合は、「調査の観点」「対応内容」欄の入力必須。
D63: 調査「否」 | M63: 「調査要否」欄で「否」を選択した場合に記入する。
E64: 調査の観点 | M64: 横展開調査を不要と判断した理由を記入する。
D65: 調査「要」 | M65: 「調査要否」欄で「要」を選択した場合に記入する。
E66: 調査の観点 | M66: 横展開調査を行う際の観点を記入する。 例：調査のポイントとなるキーワード、調査対象範囲、調査方法など
E67: 対応内容 | M67: 調査結果、および調査で判明した不備の対応内容を記入する。 | Q67: ・複数の指摘で横展開調査が重複する場合は、一括して調査する。対応内容欄は代表の指摘番号のみ具体的に記入し、残りは○○（代表とした指摘番号）参照」で良い。 但し、過去（対応済）の調査で代替することは不可。 例）前フェーズで同じ観点で調査し対応済だった場合、今フェーズで類似の不備が指摘されるのは、前回の調査漏れ・対応漏れが懸念される為、再度調査が必要。 ・横展開調査やその後の対応に時間を要する場合は、調査を別管理（WBS・課題一覧等）に変更しても良い。その場合は、「対応内容」欄に管理先を入力しトレース可能にすること。 ・調査時に別の不備を検知した場合は、新たなレビュー指摘としてレビュー指摘リストに追加する。
D68: 横展開対応日 | M68: ・調査「否」の場合は、「理由」欄の記入日を入力する。 ・調査「要」の場合は、「対応内容」欄の記入日を入力する。
D69: 横展開対応者 | M69: ・調査「否」の場合は、「理由」欄の記入者名を入力する。 ・調査「要」の場合は、「対応内容」欄の記入者名を入力する。
D70: 検証（横展開） | M70: レビューアが横展開調査の対応結果を確認する（検証）。調査「否」 の場合はその理由を、調査「要」の場合は、調査の観点とその結果の対応が適切であるかを検証する。 対応結果が問題無いと判断した場合、「検証日」と「検証者」を記入し、クローズする。 【クローズの条件】 ①横展開調査要否が「否」の場合 ・「理由」欄に横展開調査が不要の理由が記入されていること ②横展開調査要否が「要」の場合 ・「調査の観点」欄に横展開調査の観点が記入されていること ・「対応内容」欄に横展開調査の結果に沿って対応した結果が記入されていること ・横展開調査やその後の対応を別管理する場合は、「対応内容」欄にその旨が記入されていること。 横展開要否の判断などに問題があった場合、再指摘として指摘を追記し、作成者に返却する。 【再指摘時の対応方法】 ・レビューアは、再指摘内容を「指摘内容」欄に追記する。 内容には再指摘日と指摘者名を加え、文字色を変えることを推奨する。 ・作成者は、再指摘に対する対応結果を、上記と同様の形式で対になるよう「対応内容」欄に追記する。 | Q70: 【クローズ（灰色塗りつぶし適用）の条件】 ①調査「否」 の場合 ・調査「否」 の「理由」欄が記入されていること ・横展開の「検証日」欄、「検証者」欄が記入されていること ②対応状況が「保留」の場合 ・調査「要」 の「調査の観点」欄、「対応内容」欄が記入されていること ・横展開の「検証日」欄、「検証者」欄が記入されていること 全ての横展開調査がクローズした時点で、横展開調査を終了（クローズ）と判断する。 横展開調査欄を使用する場合は、レビューと横展開調査どちらも終了した場合に、レビュープロセスを終了（クローズ）と判断する。

Sheet レビュー実施記録
A2: レビュー実施記録 | H2: （赤字の"*"が記述してある項目は必須入力項目です）
A4: プロジェクト名* | C4: SIEM導入
A5: レビューID * | D5: 実施フェーズ* | H5: 外部設計
A6: レビュー方式* | C6: 個人 | D6: アーキテクチャ | L6: 横展開調査欄の使用有無* | N6: 使用しない
A8: ◆レビューの観点 | L8: ◆指摘対応進捗 | V8: ◆横展開調査進捗
A9: No | B9: 観点 | N9: 総数 | X9: 総数
A10: 1 | B10: 設計の妥当性を検証する。 | L10: 指摘数 | N10: =COUNTA($I43:$I134) -> 76 | V10: 横展開調査数 | X10: =COUNTA($V43:$V134) -> 0
A11: 2 | B11: 資料間の不整合がないか、確認する。 | M11: 対応数 | N11: =SUM((COUNTIF($L43:$L134,"対応済み")),COUNTIF($L43:$L134,"対応無し")) -> 0 | W11: 調査「否」 | X11: =SUM((COUNTIF($V43:$V134,"否"))) -> 0
A12: 3 | B12: 誤字脱字、形式不備を確認する。 | M12: 保留数 | N12: =COUNTIF($L43:$L134,"保留") -> 0 | W12: 調査不要理由 入力済数 | X12: =COUNTA($W43:$W134) -> 0
A13: 4 | B13: 仕様変更の取込漏れが無いかを確認する。 | M13: 対応残数 | N13: =SUMPRODUCT((I43:I134<>"")*(L43:L134="保留")*(P43:P134=""))+SUMPRODUCT((I43:I134<>"")*(L43:L134="")) -> 76 | W13: 調査「要」 | X13: =SUM((COUNTIF($V43:$V134,"要"))) -> 0
A14: 5 | M14: 検証残数 | N14: =N10-(COUNTA($Q43:$Q134)) -> 76 | W14: 対応内容 入力済数 | X14: =COUNTA($Y43:$Y134) -> 0
A15: 6 | L15: レビュー時間密度 | N15: =IF(D38+N38<>0, ROUND(D38/(D38+N38),3), "-") -> 1 | V15: 対応残数 | X15: =X10-COUNTA($Z43:$Z134) -> 0
A16: 7 | L16: 状態 | N16: =レビューデータサマリ!F15 -> OPEN | V16: レビュー残数 | X16: =X10-COUNTA($AB43:$AB134) -> 0
V17: 状態（横展開） | X17: =IF(AND(X11=X12,X13=X14,X10=N10,X16=0,X15=0),"CLOSE","OPEN") -> OPEN
A18: ◆汎用カテゴリ （レビューデータを集計／分析する際にプロジェクト固有のカテゴリで分類したい場合に利用する） | L18: ◆レビューの参考資料（インプット資料、作業成果物との突き合わせ確認資料等）
A19: No | B19: 内容 | L19: 資料名
A20: 1
A21: 2
A22: 3
A24: ◆計画および実績 | L24: ◆レビュー対象成果物
A25: 実施日 | C25: 46296 | D25: 完了日 | H25: 46296 | I25: ※指摘0件の場合、左記欄に直接日付を記入してください。 | L25: 成果物種類*
A26: No | B26: 担当者 * | D26: レビュー時間（分）* | H26: 役割 | I26: 補足・コメント | L26: No | M26: 対象作業成果物* | N26: 作成工数 （時間）*
A28: 1 | B28: 下田 | D28: 150 | L28: 1 | M28: 【修正中】運用設計書_SIEM導入PoC_v1.1 1.xlsx
A29: 2 | L29: 2
A30: 3 | L30: 3
A31: 4 | L31: 4
A32: 5 | L32: 5
A33: 6 | L33: 6
A34: 7 | L34: 7
A35: 8 | L35: 8
A36: 9 | L36: 9
A37: 10 | L37: 10
A38: 合計 | C38: =COUNTA(B27:B37) -> 1 | D38: =SUM(D28:D37)/60 -> 2.5 | N38: =SUM(N27:N37) -> 0
A40: ◆レビュー指摘リスト | V40: ◆横展開調査（この欄を使用する場合、全ての指摘対応と横展開対応が検証済みになった場合、レビュー実施記録の状態欄が「CLOSE」となる）
B41: 指摘 | L41: 対応 | Q41: 検証 | S41: 顧客検証欄 | V41: 調査 要否 | W41: 調査「否」 | X41: 調査「要」 | Z41: 横展開 対応日 | AA41: 横展開 対応者 | AB41: 検証（横展開）
A42: No | B42: =使用方法!$N$46 -> 指摘分類 | C42: 原因区分* | D42: 指摘箇所 （ファイル名）* | E42: 章 | F42: 節 | G42: 項 | H42: 行番号等 | I42: 指摘内容* | J42: 指摘日* | K42: 指摘者* | L42: 対応状況* | M42: 対応内容* | N42: 対応日* | O42: 対応者* | P42: 関連ID | Q42: 検証日* | R42: 検証者* | S42: 顧客 検証日 | T42: 顧客 検証者 | W42: 理由 | X42: 調査の観点 | Y42: 対応内容 | AB42: 検証日 | AC42: 検証者
A43: =ROW()-ROW($A$42) -> 1 | B43: 改善 | C43: あいまい表現 | D43: 【修正中】運用設計書_SIEM導入PoC_v1.1 1.xlsx | H43: 全体 | I43: 表記ゆれ「通報」「通知」「一時連絡」が混在しているので、言葉を統一すること | J43: 46296 | K43: 下田
A44: =ROW()-ROW($A$42) -> 2 | B44: 改善 | C44: 仕様改善提案 | D44: 【修正中】運用設計書_SIEM導入PoC_v1.1 1.xlsx | H44: 全体 | I44: ナレッジツールとは何か？言葉の定義が不明 1.4の用語に記載する？ | J44: 46296 | K44: 下田
A45: =ROW()-ROW($A$42) -> 3 | B45: 改善 | C45: 仕様改善提案 | D45: 【修正中】運用設計書_SIEM導入PoC_v1.1 1.xlsx | H45: タイトル | I45: SIEM導入はプロジェクト名なので、「SIEM 運用設計書」とした方が良い | J45: 46296 | K45: 下田
A46: =ROW()-ROW($A$42) -> 4 | B46: 不備 | C46: 誤字脱字・形式不備 | D46: 【修正中】運用設計書_SIEM導入PoC_v1.1 1.xlsx | H46: ファイル名 | I46: PoCは要らないかと思います。 | J46: 46296 | K46: 下田
A47: =ROW()-ROW($A$42) -> 5 | B47: 改善 | C47: 仕様改善提案 | D47: 【修正中】運用設計書_SIEM導入PoC_v1.1 1.xlsx | E47: 1 | F47: 1 | H47: 目的 | I47: 「KMS-XDRサービス提供条件書 2.1」の2.1は項番？ 不要では？記載するのであれば、項目名まで書いてほしい。バージョンと読み違える。 | J47: 46296 | K47: 下田
A48: =ROW()-ROW($A$42) -> 6 | B48: 改善 | C48: 仕様改善提案 | D48: 【修正中】運用設計書_SIEM導入PoC_v1.1 1.xlsx | E48: 1 | F48: 2 | H48: 範囲 | I48: 「本番運用開始は2026年9月28日週（予定）とし、運用開始以降は本書に基づき運用する。」とあるが、予定は書かない。（10/19予定でもないし） | J48: 46296 | K48: 下田
A49: =ROW()-ROW($A$42) -> 7 | B49: 不備 | C49: 誤字脱字・形式不備 | D49: 【修正中】運用設計書_SIEM導入PoC_v1.1 1.xlsx | E49: 1 | F49: 2 | H49: L14 | I49: L13とL14の間に1行空ける | J49: 46296 | K49: 下田
A50: =ROW()-ROW($A$42) -> 8 | B50: 改善 | C50: 仕様改善提案 | D50: 【修正中】運用設計書_SIEM導入PoC_v1.1 1.xlsx | E50: 1 | F50: 2 | H50: 範囲 | I50: No.5の指摘と同じ | J50: 46296 | K50: 下田
A51: =ROW()-ROW($A$42) -> 9 | B51: 質問・確認 | C51: 誤字脱字・形式不備 | D51: 【修正中】運用設計書_SIEM導入PoC_v1.1 1.xlsx | E51: 1 | F51: 3 | H51: 前提条件 | I51: 「別紙「責任分界表」（KEL社修正版）」が最終名称か？修正版はドラフトでは？ | J51: 46296 | K51: 下田
A52: =ROW()-ROW($A$42) -> 10 | B52: 質問・確認 | C52: あいまい表現 | D52: 【修正中】運用設計書_SIEM導入PoC_v1.1 1.xlsx | E52: 1 | F52: 3 | H52: 前提条件 | I52: フォレンジックは役務範囲外と書かれているが、この運用設計は1.2 範囲の中で、⑧フォレンジックを対象にすると書かれているのは何故か？ | J52: 46296 | K52: 下田
A53: =ROW()-ROW($A$42) -> 11 | B53: 不備 | C53: 誤字脱字・形式不備 | D53: 【修正中】運用設計書_SIEM導入PoC_v1.1 1.xlsx | E53: 1 | F53: 3 | H53: L45～L50 | I53: 中黒・が赤字になっている。 | J53: 46296 | K53: 下田
A54: =ROW()-ROW($A$42) -> 12 | B54: 質問・確認 | D54: 【修正中】運用設計書_SIEM導入PoC_v1.1 1.xlsx | E54: 1 | F54: 3 | H54: L43～L44 | I54: 「利用規約はクラウド会社により変更される場合がある」とあるが、変更された場合は連絡が来るのか？ | J54: 46296 | K54: 下田
A55: =ROW()-ROW($A$42) -> 13 | B55: 改善 | C55: 仕様改善提案 | D55: 【修正中】運用設計書_SIEM導入PoC_v1.1 1.xlsx | E55: 1 | F55: 4 | H55: サービス提供構成L93 | I55: No.5の指摘と同じ | J55: 46296 | K55: 下田
A56: =ROW()-ROW($A$42) -> 14 | B56: 改善 | C56: 仕様改善提案 | D56: 【修正中】運用設計書_SIEM導入PoC_v1.1 1.xlsx | E56: 1 | F56: 4 | H56: サービス提供構成L99 | I56: No.5の指摘と同じ | J56: 46296 | K56: 下田
A57: =ROW()-ROW($A$42) -> 15 | B57: 改善 | C57: 仕様改善提案 | D57: 【修正中】運用設計書_SIEM導入PoC_v1.1 1.xlsx | E57: 1 | F57: 4 | H57: サービス提供構成L107 | I57: No.5の指摘と同じ | J57: 46296 | K57: 下田
A58: =ROW()-ROW($A$42) -> 16 | B58: 改善 | C58: 仕様改善提案 | D58: 【修正中】運用設計書_SIEM導入PoC_v1.1 1.xlsx | E58: 2 | H58: システムスケジュール | I58: 「KEL社の再委託先であるBBSec社」とあるが、再委託先ではない。 | J58: 46296 | K58: 下田
A59: =ROW()-ROW($A$42) -> 17 | B59: 改善 | C59: 仕様改善提案 | D59: 【修正中】運用設計書_SIEM導入PoC_v1.1 2.xlsx | E59: 2 | H59: システムスケジュール L14 | I59: No.5の指摘と同じ | J59: 46296 | K59: 下田
A60: =ROW()-ROW($A$42) -> 18 | B60: 不備 | C60: 誤字脱字・形式不備 | D60: 【修正中】運用設計書_SIEM導入PoC_v1.1 3.xlsx | E60: 2 | H60: システムスケジュール L17～L19 | I60: 改行がおかしいので読みづらい | J60: 46296 | K60: 下田
A61: =ROW()-ROW($A$42) -> 19 | B61: 改善 | C61: 仕様改善提案 | D61: 【修正中】運用設計書_SIEM導入PoC_v1.1 4.xlsx | E61: 2 | H61: システムスケジュール L23 | I61: 「ただし今後のセキュリティ運用高度化に伴い、変更(拡大)の可能性あり。」この記述は不要ではないか？変更した場合は更新されるはず 別シートで変更管理について記載した方が良いかも | J61: 46296 | K61: 下田
A62: =ROW()-ROW($A$42) -> 20 | B62: 改善 | C62: 仕様改善提案 | D62: 【修正中】運用設計書_SIEM導入PoC_v1.1 5.xlsx | E62: 2 | H62: システムスケジュール 3)運用経過報告 L35 | I62: 運用経過報告の項なので、「直接の発注・支払・指示は行わない。」発注・支払いの記載に違和感。 「直接の指示は行わない」とした方が良い | J62: 46296 | K62: 下田
A63: =ROW()-ROW($A$42) -> 21 | B63: 改善 | C63: 仕様改善提案 | D63: 【修正中】運用設計書_SIEM導入PoC_v1.1 6.xlsx | E63: 2 | H63: システムスケジュール 4)納品物 L41～42 | I63: 「当社は、報告の内容が自社にとって不利な内容であるとの見地から納品物の受領を拒否しない。」という記述があるが、契約条件であって、運用設計書に記載する内容ではないと思う。L42も同様 | J63: 46296 | K63: 下田
A64: =ROW()-ROW($A$42) -> 22 | B64: 改善 | C64: 仕様改善提案 | D64: 【修正中】運用設計書_SIEM導入PoC_v1.1 2.xlsx | E64: 2 | H64: システムスケジュール L47 | I64: No.5の指摘と同じ | J64: 46296 | K64: 下田
A65: =ROW()-ROW($A$42) -> 23 | B65: 質問・確認 | D65: 【修正中】運用設計書_SIEM導入PoC_v1.1 8.xlsx | E65: 2 | H65: システムスケジュール L49 | I65: 月次レポート送付先とあるが、送付されるのか？ 自身でポータルを参照するように書かれていたと思われる | J65: 46296 | K65: 下田
A66: =ROW()-ROW($A$42) -> 24 | B66: 改善 | C66: 仕様改善提案 | D66: 【修正中】運用設計書_SIEM導入PoC_v1.1 1.xlsx | E66: 3 | F66: 1 | H66: 運用体制図 | I66: 「再委託先：BBSec」とあるが、再委託先ではない。 | J66: 46296 | K66: 下田
A67: =ROW()-ROW($A$42) -> 25 | B67: 質問・確認 | D67: 【修正中】運用設計書_SIEM導入PoC_v1.1 10.xlsx | E67: 3 | F67: 1 | H67: 運用体制図 体制図 | I67: 一次対応はBBSecとあるが、二次対応は誰が実施するのか？ | J67: 46296 | K67: 下田
A68: =ROW()-ROW($A$42) -> 26 | B68: 改善 | C68: 仕様改善提案 | D68: 【修正中】運用設計書_SIEM導入PoC_v1.1 11.xlsx | E68: 3 | F68: 1 | H68: 運用体制図 L64 | I68: すごく細かいが、運用体制図とL64の記載が異なる。社内SOC担当（情報システム部）、セキュリティ管理担当（サイバーセキュリティ推進部） | J68: 46296 | K68: 下田
A69: =ROW()-ROW($A$42) -> 27 | B69: 質問・確認 | D69: 【修正中】運用設計書_SIEM導入PoC_v1.1 12.xlsx | E69: 3 | F69: 1 | H69: 運用体制図 | I69: 運用体制図と図で貼っている体制図の違いがよく分からない。一つに纏められないか？ 分けるのであれば、2つ目は社内体制と分かるように記載すること | J69: 46296 | K69: 下田
A70: =ROW()-ROW($A$42) -> 28 | B70: 質問・確認 | D70: 【修正中】運用設計書_SIEM導入PoC_v1.1 13.xlsx | E70: 3 | F70: 2 | H70: 運用体制 | I70: システムオーナーは情報システム部とあるが、情報システム部長ではないのか？ | J70: 46296 | K70: 下田
A71: =ROW()-ROW($A$42) -> 29 | B71: 改善 | C71: 不整合 | D71: 【修正中】運用設計書_SIEM導入PoC_v1.1 14.xlsx | E71: 3 | F71: 2 | H71: 運用体制 | I71: 運用体制図と運用体制の説明が合っていない。 合わせるべき。全体を見直すこと Ex)保守支援担当が図にはない | J71: 46296 | K71: 下田
A72: =ROW()-ROW($A$42) -> 30 | B72: 改善 | C72: 考慮不足 | D72: 【修正中】運用設計書_SIEM導入PoC_v1.1 14.xlsx | E72: 3 | F72: 2 | H72: 運用体制 | I72: 「※設計書段階では、「情報システム部」とするが、手順書では役割をもう少し明確にしてグループ名まで記載する」とあるが、何のための設計書なのか？ 運用を誰が実施するかを明確にするのが運用設計書 | J72: 46296 | K72: 下田
A73: =ROW()-ROW($A$42) -> 31 | B73: 改善 | C73: 仕様改善提案 | D73: 【修正中】運用設計書_SIEM導入PoC_v1.1 14.xlsx | E73: 3 | F73: 3 | H73: 責任分界 | I73: 前述でも指摘したが、「KEL社の再委託先」ではない。あえて書くのであれば、「KEL社の委託先」 再委託は当社から見たときの表現。 | J73: 46296 | K73: 下田
A74: =ROW()-ROW($A$42) -> 32 | B74: 改善 | C74: 考慮不足 | D74: 【修正中】運用設計書_SIEM導入PoC_v1.1 14.xlsx | E74: 3 | F74: 3 | H74: 責任分界 | I74: 別紙「責任分界表」（KEL社修正版）が正式名称なのか？変更すべき | J74: 46296 | K74: 下田
A75: =ROW()-ROW($A$42) -> 33 | B75: 改善 | C75: 誤字脱字・形式不備 | D75: 【修正中】運用設計書_SIEM導入PoC_v1.1 14.xlsx | E75: 3 | F75: 3 | H75: 責任分界 L100 | I75: 「KEL社修正版では」という記載はおかしい。 不要では？ | J75: 46296 | K75: 下田
A76: =ROW()-ROW($A$42) -> 34 | B76: 改善 | C76: あいまい表現 | D76: 【修正中】運用設計書_SIEM導入PoC_v1.1 14.xlsx | E76: 3 | F76: 3 | H76: 責任分界 L10１ | I76: 「主担当（KEL社は実作業なし）とされている。」という記述が他人事に読める。そのように決めたのでは？ | J76: 46296 | K76: 下田
A77: =ROW()-ROW($A$42) -> 35 | B77: 改善 | C77: あいまい表現 | D77: 【修正中】運用設計書_SIEM導入PoC_v1.1 14.xlsx | E77: 3 | F77: 3 | H77: 責任分界 L103 | I77: No34と同じ。「KEL社が支援とされている。」 | J77: 46296 | K77: 下田
A78: =ROW()-ROW($A$42) -> 36 | B78: 改善 | C78: 仕様改善提案 | D78: 【修正中】運用設計書_SIEM導入PoC_v1.1 14.xlsx | E78: 3 | F78: 3 | H78: 責任分界 L104～105 | I78: 「監視対象の追加・変更およびログ量の実績監視・最適化の責任主体は、当社作成版の「当社」からKEL社修正版では「KEL社」」 なぜ、運用設計書に、変更履歴を書く必要があるのか？ 運用設計書は決まったことを書くだけ | J78: 46296 | K78: 下田
A79: =ROW()-ROW($A$42) -> 37 | B79: 質問・確認 | D79: 【修正中】運用設計書_SIEM導入PoC_v1.1 14.xlsx | E79: 3 | F79: 3 | H79: 責任分界 L114～122 | I79: No.3とNo.11は何が違うのか？ | J79: 46296 | K79: 下田
A80: =ROW()-ROW($A$42) -> 38 | B80: 質問・確認 | D80: 【修正中】運用設計書_SIEM導入PoC_v1.1 14.xlsx | E80: 3 | F80: 3 | I80: 委託先管理とは何か？ | J80: 46296 | K80: 下田
A81: =ROW()-ROW($A$42) -> 39 | B81: 質問・確認 | D81: 【修正中】運用設計書_SIEM導入PoC_v1.1 14.xlsx | E81: 4 | F81: 1 | H81: 定常オペレーション | I81: 実施しないオペレーションを記載する必要があるか？ ・媒体交換運用 ・時刻同期運用 | J81: 46297 | K81: 下田
A82: =ROW()-ROW($A$42) -> 40 | B82: 改善 | C82: 仕様改善提案 | D82: 【修正中】運用設計書_SIEM導入PoC_v1.1 14.xlsx | E82: 4 | H82: 定常オペレーション | I82: 定常オペレーション一覧にある以下オペレーションが無い。逆にチューニング運用、レポート受領・報告が一覧にない。 ・レポート作成 ・ログ量実績確認 ・チケット・ダッシュボード確認 ・脅威情報の確認 ・マネージメント向け定例報告 非定常オペレーション一覧のように、１つの表でまとめた方が良いのではないか？ | J82: 46297 | K82: 下田
A83: =ROW()-ROW($A$42) -> 41 | B83: 改善 | C83: あいまい表現 | D83: 【修正中】運用設計書_SIEM導入PoC_v1.1 14.xlsx | E83: 5 | F83: 1 | H83: 非定常オペレーション インシデント二次対応 | I83: 「報告されたCaseの追加調査は平日日中帯にBBSec社へ依頼できる。」できるではなく、オペレーション概要なので、「依頼する」 | J83: 46297 | K83: 下田
A84: =ROW()-ROW($A$42) -> 42 | B84: 不備 | C84: 不整合 | D84: 【修正中】運用設計書_SIEM導入PoC_v1.1 14.xlsx | E84: 5 | F84: 2 | H84: 初動対応実施条件 | I84: 「BBSec社が初動対応（ホスト隔離・通信遮断・アカウント無効化等）を実施する条件は、KMS-XDRサービス提供条件書 Ver.1.0.0では未定義である。※実施可否は当社が判断する方針のため未定義とされた。以下はVer.0.1.0に記載されていた条件であり、参考として残す。運用開始時には有効化しない事で合意。」と書かれているが、その下の表には条件が書かれていて矛盾していないか？ | J84: 46297 | K84: 下田
A85: =ROW()-ROW($A$42) -> 43 | B85: 改善 | C85: 考慮不足 | D85: 【修正中】運用設計書_SIEM導入PoC_v1.1 14.xlsx | E85: 5 | F85: 2 | H85: L52～L56 | I85: アカウントの増減により、運用設計書の記載を変更しなければならないことは書かない。 | J85: 46302 | K85: 下田
A86: =ROW()-ROW($A$42) -> 44 | B86: 不備 | C86: 不整合 | D86: 【修正中】運用設計書_SIEM導入PoC_v1.1 14.xlsx | E86: 6 | F86: 1 | H86: L37 | I86: 構成情報管理概念図とあるが図が存在しない。 | J86: 46302 | K86: 下田
A87: =ROW()-ROW($A$42) -> 45 | B87: 不備 | C87: 考慮不足 | D87: 【修正中】運用設計書_SIEM導入PoC_v1.1 14.xlsx | E87: 6 | F87: 1 | I87: 構成管理項目は、いつ、だれが行うのか、表に記載すること。（分かりづらい） | J87: 46302 | K87: 下田
A88: =ROW()-ROW($A$42) -> 46 | B88: 不備 | C88: 不整合 | D88: 【修正中】運用設計書_SIEM導入PoC_v1.1 14.xlsx | E88: 6 | F88: 2 | H88: 変更管理 L64 | I88: 変更依頼履歴管理概念図がない。 | J88: 46302 | K88: 下田
A89: =ROW()-ROW($A$42) -> 47 | B89: 質問・確認 | D89: 【修正中】運用設計書_SIEM導入PoC_v1.1 14.xlsx | E89: 6 | F89: 2 | H89: 変更管理 | I89: ここは表にしないのか？ | J89: 46302 | K89: 下田
A90: =ROW()-ROW($A$42) -> 48 | B90: 不備 | C90: 不整合 | D90: 【修正中】運用設計書_SIEM導入PoC_v1.1 14.xlsx | E90: 6 | F90: 3 | H90: 障害管理 | I90: 障害情報管理概念図がない。 | J90: 46302 | K90: 下田
A91: =ROW()-ROW($A$42) -> 49 | B91: 改善 | C91: あいまい表現 | D91: 【修正中】運用設計書_SIEM導入PoC_v1.1 14.xlsx | E91: 6 | F91: 3 | H91: 障害管理 L99 | I91: 概要：暫定対応結果ではないのか？ | J91: 46302 | K91: 下田
A92: =ROW()-ROW($A$42) -> 50 | B92: 不備 | C92: 誤字脱字・形式不備 | D92: 【修正中】運用設計書_SIEM導入PoC_v1.1 14.xlsx | E92: 6 | F92: 3 | H92: 障害管理 L102 | I92: 対応者：「障害対応実施」はおかしい | J92: 46302 | K92: 下田
A93: =ROW()-ROW($A$42) -> 51 | B93: 質問・確認 | D93: 【修正中】運用設計書_SIEM導入PoC_v1.1 14.xlsx | E93: 6 | F93: 3 | H93: 障害管理 | I93: そもそもなんだけど、障害管理なのか？書かれている内容は問題管理の気がするが | J93: 46302 | K93: 下田
A94: =ROW()-ROW($A$42) -> 52 | B94: 改善 | C94: 仕様改善提案 | D94: 【修正中】運用設計書_SIEM導入PoC_v1.1 14.xlsx | E94: 6 | F94: 4 | H94: SOC分析参考情報の管理 | I94: 箇条書きで読みづらい。表にまとめた方がよい | J94: 46302 | K94: 下田
A95: =ROW()-ROW($A$42) -> 53 | B95: 改善 | C95: 考慮不足 | D95: 【修正中】運用設計書_SIEM導入PoC_v1.1 14.xlsx | E95: 8 | F95: 2 | H95: 運用管理 2.契約管理 | I95: 運用設計書はSIEMの運用に関する設計を記載するもので、契約云々の話が書かれていることに違和感を感じる | J95: 46303 | K95: 下田
A96: =ROW()-ROW($A$42) -> 54 | B96: 改善 | C96: 考慮不足 | D96: 【修正中】運用設計書_SIEM導入PoC_v1.1 14.xlsx | E96: 9 | H96: アプリケーション保守 | I96: アプリケーションとして書かれているが、実際はログ収集ポリシーだとかであり、タイトルがおかしくないか？ | J96: 46303 | K96: 下田
A97: =ROW()-ROW($A$42) -> 55 | B97: 改善 | C97: 考慮不足 | D97: 【修正中】運用設計書_SIEM導入PoC_v1.1 14.xlsx | E97: 9 | F97: 2 | H97: 本番移行 | I97: 「本番移行」というタイトルがおかしくないか？ 運用設計に記載されるのはリリース後の運用であり、PoCからの移行は関係が無い。 | J97: 46303 | K97: 下田
A98: =ROW()-ROW($A$42) -> 56 | B98: 不備 | C98: 不整合 | D98: 【修正中】運用設計書_SIEM導入PoC_v1.1 14.xlsx | E98: 10 | F98: 1 | H98: L24 | I98: ユーザーから運用担当への問い合わせとあるが、ユーザーとは何を差しているのかが不明 | J98: 46303 | K98: 下田
A99: =ROW()-ROW($A$42) -> 57 | B99: 改善 | C99: 考慮不足 | D99: 【修正中】運用設計書_SIEM導入PoC_v1.1 14.xlsx | E99: 11 | F99: 1 | H99: L15～L23 | I99: 読みづらい。箇条書きとするのであれば、インデントを一段下げるなど工夫すること。 そもそも、サービス提供条件書に記載がある内容であれば、それを参照とすればよいのではないか？ | J99: 46303 | K99: 下田
A100: =ROW()-ROW($A$42) -> 58 | B100: 改善 | C100: 不整合 | D100: 【修正中】運用設計書_SIEM導入PoC_v1.1 14.xlsx | E100: 11 | F100: 1 | H100: 1)障害検知による障害対応 | I100: ・タイトルが障害対応となっているが、記載されているのが障害対応ではなく、体制図である。 タイトルと内容があっていない | J100: 46303 | K100: 下田
A101: =ROW()-ROW($A$42) -> 59 | B101: 改善 | C101: 不整合 | D101: 【修正中】運用設計書_SIEM導入PoC_v1.1 14.xlsx | E101: 11 | F101: 1 | H101: 1)障害検知による障害対応 | I101: アプリケーションベンダーという言葉が出てきたが、これは何か？言葉の定義はしっかりとすること | J101: 46303 | K101: 下田
A102: =ROW()-ROW($A$42) -> 60 | B102: 改善 | C102: 不整合 | D102: 【修正中】運用設計書_SIEM導入PoC_v1.1 14.xlsx | E102: 11 | F102: 1 | H102: 1)障害検知による障害対応 | I102: 障害対応工程にある、④障害連絡を受けるユーザとは何か？定義されていない。 その他、〇〇担当など登場人物はしっかりと運用体制なりで定義すること | J102: 46303 | K102: 下田
A103: =ROW()-ROW($A$42) -> 61 | B103: 質問・確認 | D103: 【修正中】運用設計書_SIEM導入PoC_v1.1 14.xlsx | E103: 11 | F103: 1 | H103: 1)障害検知による障害対応 | I103: 障害発生連絡を受け、ベンダーへ連絡が無いのは何故か？一次対応がなく、二次対応のみ | J103: 46303 | K103: 下田
A104: =ROW()-ROW($A$42) -> 62 | B104: 質問・確認 | D104: 【修正中】運用設計書_SIEM導入PoC_v1.1 14.xlsx | E104: 11 | F104: 1 | H104: 1)障害検知による障害対応 | I104: PDは発動しないのか？ | J104: 46303 | K104: 下田
A105: =ROW()-ROW($A$42) -> 63 | B105: 質問・確認 | D105: 【修正中】運用設計書_SIEM導入PoC_v1.1 14.xlsx | E105: 11 | F105: 1 | H105: 2)ユーザ障害検知による障害対応 | I105: システム利用ユーザとは誰を差しているのか？ | J105: 46303 | K105: 下田
A106: =ROW()-ROW($A$42) -> 64 | B106: 改善 | C106: 不整合 | D106: 【修正中】運用設計書_SIEM導入PoC_v1.1 14.xlsx | E106: 11 | F106: 1 | H106: 2)ユーザ障害検知による障害対応 | I106: ・タイトルが障害対応となっているが、記載されているのが障害対応ではなく、体制図である。 タイトルと内容があっていない | J106: 46303 | K106: 下田
...

Sheet レビュー観点
A2: 開発工程成果物作成時／レビュー実施時の確認ポイント
A3: ※プロジェクトの特性に合わせて、チェック項目の内容は適宜修正すること。
A5: No | B5: 分類 | C5: チェック項目 | E5: 採用 | F5: 備考（未採用理由等）
A6: =ROW()-ROW($A$5) -> 1 | B6: 要件定義書 | C6: 開発の目的が明確になっているか。
A7: =ROW()-ROW($A$5) -> 2 | C7: 出力結果・還元物として、どういう内容が必要なのか明確になっているか。
A8: =ROW()-ROW($A$5) -> 3 | C8: 出力結果を得るために必要な入力情報が明確になっているか。
A9: =ROW()-ROW($A$5) -> 4 | C9: 全体のシステム構成が明確になっているか。（本番環境、準本番環境、開発環境など複数環境の差異が明確に記載されているか。）
A10: =ROW()-ROW($A$5) -> 5 | C10: 全体の運用イメージが明確になっているか。
A11: =ROW()-ROW($A$5) -> 6 | C11: お客様の要求事項が漏れなく取り込まれているか。
A12: =ROW()-ROW($A$5) -> 7 | B12: 外部設計書（全体） | C12: 実行条件毎の処理の流れが正しいか。
A13: =ROW()-ROW($A$5) -> 8 | C13: 機能間の連動（実行タイミング、データの授受）が正しいか。
A14: =ROW()-ROW($A$5) -> 9 | C14: データ項目名の意味は、各所で整合性が取れているか。
A15: =ROW()-ROW($A$5) -> 10 | C15: 要件が漏れなく外部設計に落とし込まれているか。
A16: =ROW()-ROW($A$5) -> 11 | B16: 外部設計書（機能設計） | C16: ジョブネットフローや処理機能フロー等を用いて、各モジュールの配置・処理の流れが明確になっているか。
A17: =ROW()-ROW($A$5) -> 12 | C17: 機能間の連動（実行タイミング、データの授受）が明確になっているか。
A18: =ROW()-ROW($A$5) -> 13 | C18: 対応機能の先行／後続機能に問題はないか。
A19: =ROW()-ROW($A$5) -> 14 | C19: 影響調査・範囲の観点 | D19: プログラムスキャン結果の確認に問題はないか。
A20: =ROW()-ROW($A$5) -> 15 | D20: 他業務のインタフェースに影響はあるか。（影響がある場合）他業務とのレビューは実施出来ているか。
A21: =ROW()-ROW($A$5) -> 16 | C21: 移行／切替、テスト方針の観点 | D21: 移行／切替ファイルは存在するか。（存在する場合）対象ファイルの洗い出し、一覧等で明示化され把握出来ているか。
A22: =ROW()-ROW($A$5) -> 17 | D22: 処理断面の確認が必要な対応か。 （繰り回しテストを実施する必要があるか、テスト方針の確認）
A23: =ROW()-ROW($A$5) -> 18 | D23: 大量データでのボリュームテストの要否を確認しているか。 （例：1日分の件数にて、テストを実施する必要があるかの確認）
A24: =ROW()-ROW($A$5) -> 19 | C24: 事前処理を行う場合の確認の観点 | D24: 事前処理の計画書を作成しているか。
A25: =ROW()-ROW($A$5) -> 20 | D25: 事前処理の目的に対して必要な確認ポイントが抜け漏れていないか。
A26: =ROW()-ROW($A$5) -> 21 | D26: 事前処理にて問題発生時の対処方法が明確になっているか。 （問題解決に対するスケジュール・要員等について取り決めが出来ているか。）
A27: =ROW()-ROW($A$5) -> 22 | C27: 本番確認の観点 | D27: 他業務に確認を依頼すべき事項はあるか。
A28: =ROW()-ROW($A$5) -> 23 | D28: 開発環境との差異による考慮事項を明確にし、説明が記述されているか。
A29: =ROW()-ROW($A$5) -> 24 | B29: モジュール設計書 | C29: ロジックをイメージして記述されているか。（但し、ロジックをそのまま記載するのはNG）
A30: =ROW()-ROW($A$5) -> 25 | C30: モジュールの処理シーケンスが正しいか。 （プログラム定義書上のシーケンスと設計書内の記載に整合性が取れているか）
A31: =ROW()-ROW($A$5) -> 26 | C31: データ項目名の意味は、各所で整合性が取れているか。
A32: =ROW()-ROW($A$5) -> 27 | C32: モジュール間での実行タイミング、データの授受が正しいか。
A33: =ROW()-ROW($A$5) -> 28 | C33: ファイル、データベースの更新、参照関係、シーケンスの整合性が取れているか。
A34: =ROW()-ROW($A$5) -> 29 | C34: 共通サブルーチンにより、共通化が図られているか。
A35: =ROW()-ROW($A$5) -> 30 | C35: プログラムの観点 | D35: 保守性：プログラム修正が容易な構造になっているか。
A36: =ROW()-ROW($A$5) -> 31 | D36: 拡張性：プログラムへの機能追加が容易な構造になっているか。
A37: =ROW()-ROW($A$5) -> 32 | D37: 簡潔性：プログラムは見易いか、構造は妥当か、ステップは大きすぎないか。
A38: =ROW()-ROW($A$5) -> 33 | C38: プログラムの目的が明確になっているか。目的を実現する為の設計仕様が明確になっているか。
A39: =ROW()-ROW($A$5) -> 34 | C39: プログラム定義書は作成されているか。
A40: =ROW()-ROW($A$5) -> 35 | C40: 変更内容の観点 | D40: 変更前の仕様、変更後の目的と仕様が明確になっているか。
A41: =ROW()-ROW($A$5) -> 36 | C41: 入力、処理、出力内容の観点 | D41: 入力データ（処理対象）に漏れはないか。
A42: =ROW()-ROW($A$5) -> 37 | D42: 抽象的な表現になっていないか。 （例：各種データ、全てのデータ等→具体的なデータ名で記載）
A43: =ROW()-ROW($A$5) -> 38 | D43: 一意または範囲が特定出来る記載になっているか。
A44: =ROW()-ROW($A$5) -> 39 | D44: 処理内容に漏れはないか、処理対象が全て処理されているか。
A45: =ROW()-ROW($A$5) -> 40 | D45: 処理上の時限的な事項（参照するデータの引継タイミング／時限性等）は考慮されているか。
A46: =ROW()-ROW($A$5) -> 41 | D46: 条件のELSE時の設計に漏れはないか。
A47: =ROW()-ROW($A$5) -> 42 | D47: エラー／異常時の設計がされているか。
A48: =ROW()-ROW($A$5) -> 43 | D48: 条件のパターンは網羅されているか。
A49: =ROW()-ROW($A$5) -> 44 | D49: 処理結果／出力データがプログラムの目的を達成しているか。
A50: =ROW()-ROW($A$5) -> 45 | D50: プログラムの処理結果が後続のプログラム側に正しく連携されているか。
A51: =ROW()-ROW($A$5) -> 46 | C51: 曖昧表現がないか。（名称、状態が定義されているか）
A52: =ROW()-ROW($A$5) -> 47 | C52: 設計書内での整合性が取れているか。
A53: =ROW()-ROW($A$5) -> 48 | B53: ソースコード | C53: ロジックがモジュール設計書（モジュール変更仕様書）に基づき記述されているか。
A54: =ROW()-ROW($A$5) -> 49 | C54: ＩＦ文のネスト、ピリオドの過不足等、ロジック上の不具合はないか。
A55: =ROW()-ROW($A$5) -> 50 | C55: ワークエリアのクリアや桁数指定等に問題はないか。
A56: =ROW()-ROW($A$5) -> 51 | C56: 実行タイミング、インタフェース項目の設定は妥当か。
A57: =ROW()-ROW($A$5) -> 52 | C57: 項目追加の際、集団項目間のレングスは一致しているか。
A58: =ROW()-ROW($A$5) -> 53 | C58: 項目追加の際、既存項目の一番後ろに追加しているか
A59: =ROW()-ROW($A$5) -> 54 | B59: その他
A60: =ROW()-ROW($A$5) -> 55
A61: =ROW()-ROW($A$5) -> 56

Sheet レビューデータサマリ
B2: レビューデータサマリ
C4: フェーズ順序定義 | F4: 順序
C5: 提案 | F5: 1
C6: 要件定義 | F6: 2
C7: 外部設計 | F7: 3
C8: 内部設計 | F8: 4
C9: プログラム開発 | F9: 5
C10: 結合テスト（ITa） | F10: 6
C11: 結合テスト（ITb） | F11: 7
C12: システムテスト | F12: 8
J13: 状態欄判定用
C14: レビューデータ | F14: 測定値 | G14: 単位 | H14: 尺度 | J14: ◆指摘対応進捗のみ | L14: {=IF(F31=SUMPRODUCT((レビュー実施記録!I43:I170<>"")*(レビュー実施記録!L43:L170="対応無し")*(レビュー実施記録!M43:M170<>"")*(レビュー実施記録!Q43:Q170<>"")*(レビュー実施記録!R43:R170<>""))+SUMPRODUCT((レビュー実施記録!I43:I170<>"")*(レビュー実施記録!L43:L170="対応済み")*(レビュー実施記録!M43:M170<>"")*(レビュー実施記録!Q43:Q170<>"")*(レビュー実施記録!R43:R170<>""))+SUMPRODUCT((レビュー実施記録!I43:I170<>"")*(レビュー実施記録!L43:L170="保留")*(レビュー実施記録!M43:M170<>"")*(レビュー実施記録!Q43:Q170<>"")*(レビュー実施記録!P43:P170<>"")*(レビュー実施記録!R43:R170<>"")),"CLOSE","OPEN")} -> OPEN
B15: 1 | C15: 状態 | F15: =IF(レビュー実施記録!N6="使用しない",レビューデータサマリ!L14,レビューデータサマリ!L15) -> OPEN | H15: CLOSE：指摘無し、または、全ての指摘がクローズされており、レビュープロセスが終了している。 OPEN：クローズされていない指摘があり、レビュープロセスが終了していない。 指摘のクローズ条件は使用方法シート参照。 | J15: ◆横展開進捗含む | L15: {=IF(AND(F31=SUMPRODUCT((レビュー実施記録!I43:I200<>"")*(レビュー実施記録!L43:L200="対応無し")*(レビュー実施記録!M43:M200<>"")*(レビュー実施記録!Q43:Q200<>"")*(レビュー実施記録!R43:R200<>""))+SUMPRODUCT((レビュー実施記録!I43:I200<>"")*(レビュー実施記録!L43:L200="対応済み")*(レビュー実施記録!M43:M200<>"")*(レビュー実施記録!Q43:Q200<>"")*(レビュー実施記録!R43:R200<>""))+SUMPRODUCT((レビュー実施記録!I43:I200<>"")*(レビュー実施記録!L43:L200="保留")*(レビュー実施記録!M43:M200<>"")*(レビュー実施記録!Q43:Q200<>"")*(レビュー実施記録!P43:P200<>"")*(レビュー実施記録!R43:R200<>"")),レビュー実施記録!X10=レビュー実施記録!N10,レビュー実施記録!X11=レビュー実施記録!X12,レビュー実施記録!X13=レビュー実施記録!X14,レビュー実施記録!X15=0,レビュー実施記録!X16=0),"CLOSE","OPEN")} -> OPEN
B16: 2 | C16: レビューID | F16: =IF(レビュー実施記録!C5="","-",レビュー実施記録!C5) -> - | H16: -
B17: 3 | C17: 実施フェーズ | F17: =IF(レビュー実施記録!H5="","-",レビュー実施記録!H5) -> 外部設計 | H17: -
B18: 4 | D18: （フェーズ順序） | F18: =IF(ISNA(VLOOKUP(F17,$C$5:$F$12,4,FALSE)),"-",VLOOKUP(F17,$C$5:$F$12,4,FALSE)) -> 3 | H18: 1:提案 2:要件定義 3:外部設計 4:内部設計 5:プログラム開発 6:結合テスト（ITa） 7:結合テスト（ITb） 8:システムテスト
B19: 5 | C19: レビュー方式 | F19: =IF(レビュー実施記録!C6="","-",レビュー実施記録!C6) -> 個人
B20: 6 | C20: アーキテクチャ | F20: =IF(レビュー実施記録!H6="","-",レビュー実施記録!H6) -> - | H20: -
B21: 7 | C21: 汎用カテゴリ1 | F21: =レビュー実施記録!B20 -> 0
B22: 8 | C22: 汎用カテゴリ2 | F22: =レビュー実施記録!B21 -> 0
B23: 9 | C23: 汎用カテゴリ3 | F23: =レビュー実施記録!B22 -> 0
B24: 10 | C24: 実施日 | F24: =IF(レビュー実施記録!C25="","-",レビュー実施記録!C25) -> 46296 | G24: yyyy/m/d | H24: レビュー開始日。
B25: 11 | C25: 完了日 | F25: =IF(レビュー実施記録!H25="","-",レビュー実施記録!H25) -> 46296 | G25: yyyy/m/d | H25: 検証完了日。
B26: 12 | C26: 成果物種類 | F26: =IF(レビュー実施記録!M25="","-",レビュー実施記録!M25) -> - | H26: -
B27: 13 | C27: 対象作業成果物 | F27: =レビュー実施記録!M28&IF(レビュー実施記録!M29="","",CHAR(10)&レビュー実施記録!M29)&IF(レビュー実施記録!M30="","",CHAR(10)&レビュー実施記録!M30)&IF(レビュー実施記録!M31="","",CHAR(10)&レビュー実施記録!M31)&IF(レビュー実施記録!M32="","",CHAR(10)&レビュー実施記録!M32)&IF(レビュー実施記録!M33="","",CHAR(10)&レビュー実施記録!M33)&IF(レビュー実施記録!M34="","",CHAR(10)&レビュー実施記録!M34)&IF(レビュー実施記録!M35="","",CHAR(10)&レビュー実施記録!M35)&IF(レビュー実施記録!M36="","",CHAR(10)&レビュー実施記録!M36)&IF(レビュー実施記録!M37="","",CHAR(10)&レビュー実施記録!M37) -> 【修正中】運用設計書_SIEM導入PoC_v1.1 1.xlsx | H27: -
B28: 14 | C28: 成果物作成工数 | F28: =IF(レビュー実施記録!N38="","-",レビュー実施記録!N38) -> 0 | G28: 時間 | H28: レビュー対象成果物の総作成工数。
B29: 15 | C29: レビューア人数 | F29: =IF(レビュー実施記録!C38="","-",レビュー実施記録!C38) -> 1 | G29: 人 | H29: レビュー担当者総数。
B30: 16 | C30: レビュー時間 | F30: =IF(レビュー実施記録!D38="","-",レビュー実施記録!D38) -> 2.5 | G30: 時間
B31: 17 | C31: 総指摘件数 | F31: =レビュー実施記録!N10 -> 76 | G31: 件
B32: 18 | D32: 総欠陥数 | F32: =SUM(F33:F39) -> 35 | G32: 件 | H32: 元資料不備、仕様取込不備、技術的不備、あいまい表現、考慮不足、不整合、ルール不順守の合計。
B33: 19 | D33: 元資料不備 | E33: 元資料不備 | F33: =COUNTIF(レビュー実施記録!C$43:C$134,レビューデータサマリ!D33) -> 0 | G33: 件
B34: 20 | D34: 仕様取込不備 | E34: 仕様取込不備 | F34: =COUNTIF(レビュー実施記録!C$43:C$134,レビューデータサマリ!D34) -> 0 | G34: 件
B35: 21 | D35: 技術的不備 | E35: 技術的不備 | F35: =COUNTIF(レビュー実施記録!C$43:C$134,レビューデータサマリ!D35) -> 0 | G35: 件
B36: 22 | D36: あいまい表現 | E36: あいまい表現 | F36: =COUNTIF(レビュー実施記録!C$43:C$134,レビューデータサマリ!D36) -> 9 | G36: 件
B37: 23 | D37: 考慮不足 | E37: 考慮不足 | F37: =COUNTIF(レビュー実施記録!C$43:C$134,レビューデータサマリ!D37) -> 11 | G37: 件
B38: 24 | D38: 不整合 | E38: 不整合 | F38: =COUNTIF(レビュー実施記録!C$43:C$134,レビューデータサマリ!D38) -> 15 | G38: 件
B39: 25 | D39: ルール不順守 | E39: ルール不順守 | F39: =COUNTIF(レビュー実施記録!C$43:C$134,レビューデータサマリ!D39) -> 0 | G39: 件
B40: 26 | D40: 誤字脱字・形式不備 | F40: =COUNTIF(レビュー実施記録!C$43:C$134,レビューデータサマリ!D40) -> 7 | G40: 件
B41: 27 | D41: 仕様改善提案 | F41: =COUNTIF(レビュー実施記録!C$43:C$134,レビューデータサマリ!D41) -> 20 | G41: 件
B42: 28 | C42: 指摘対応進捗 | F42: =IF(ISERROR(F47/F43),0,F47/F43) -> 0 | G42: 0 | H42: 総指摘件数に対する検証件数 ｛検証数/指摘数｝
B43: 29 | D43: 指摘数 | F43: =レビュー実施記録!N10 -> 76 | G43: 件
B44: 30 | E44: 対応数 | F44: =レビュー実施記録!N11 -> 0 | G44: 件
B45: 31 | E45: 保留数 | F45: =レビュー実施記録!N12 -> 0 | G45: 件
B46: 32 | E46: 対応残数 | F46: =レビュー実施記録!N13 -> 76 | G46: 件
B47: 33 | D47: 検証数 | F47: =F43-F48 -> 0 | G47: 件
B48: 34 | E48: 検証残数 | F48: =レビュー実施記録!N14 -> 76 | G48: 件
B49: 35 | C49: =使用方法!N46 -> 指摘分類 | E49: =IF(使用方法!N48="","-",使用方法!N48) -> 不備 | F49: =COUNTIF(レビュー実施記録!B$43:B$134,レビューデータサマリ!E49) -> 14 | G49: 件
B50: 36 | E50: =IF(使用方法!N49="","-",使用方法!N49) -> 改善 | F50: =COUNTIF(レビュー実施記録!B$43:B$134,レビューデータサマリ!E50) -> 46 | G50: 件
B51: 37 | E51: =IF(使用方法!N50="","-",使用方法!N50) -> 質問・確認 | F51: =COUNTIF(レビュー実施記録!B$43:B$134,レビューデータサマリ!E51) -> 16 | G51: 件
B52: 38 | E52: =IF(使用方法!N51="","-",使用方法!N51) -> - | F52: =COUNTIF(レビュー実施記録!B$43:B$134,レビューデータサマリ!E52) -> 0 | G52: 件
B53: 39 | E53: =IF(使用方法!N52="","-",使用方法!N52) -> - | F53: =COUNTIF(レビュー実施記録!B$43:B$134,レビューデータサマリ!E53) -> 0 | G53: 件
